{"playerHealth":3,"timeLeft":99.56254577636719,"playerLives":5,"spawnPoint":{"x":493.75,"y":7.559999942779541,"z":446.57000732421877}}